{
  "id": "2947565",
  "name": "no name",
  "font_family": "iconfont",
  "css_prefix_text": "icon-",
  "description": "",
  "glyphs": [
    {
      "icon_id": "1070",
      "name": "礼物",
      "font_class": "liwu",
      "unicode": "e603",
      "unicode_decimal": 58883
    },
    {
      "icon_id": "5027",
      "name": "手机",
      "font_class": "shouji",
      "unicode": "e604",
      "unicode_decimal": 58884
    },
    {
      "icon_id": "630094",
      "name": "向右箭头",
      "font_class": "xiangyoujiantou",
      "unicode": "e65f",
      "unicode_decimal": 58975
    },
    {
      "icon_id": "979223",
      "name": "购物车",
      "font_class": "gouwuche",
      "unicode": "e61b",
      "unicode_decimal": 58907
    },
    {
      "icon_id": "2693816",
      "name": "以旧换新",
      "font_class": "yijiuhuanxin",
      "unicode": "e60f",
      "unicode_decimal": 58895
    },
    {
      "icon_id": "3096411",
      "name": "米粉卡",
      "font_class": "mifenqia",
      "unicode": "e607",
      "unicode_decimal": 58887
    },
    {
      "icon_id": "8634398",
      "name": "搜索",
      "font_class": "sousuo",
      "unicode": "e608",
      "unicode_decimal": 58888
    },
    {
      "icon_id": "8750893",
      "name": "F码",
      "font_class": "Fma",
      "unicode": "e609",
      "unicode_decimal": 58889
    },
    {
      "icon_id": "12557601",
      "name": "企业团购",
      "font_class": "qiyetuangou",
      "unicode": "e60a",
      "unicode_decimal": 58890
    },
    {
      "icon_id": "17830630",
      "name": "搜索",
      "font_class": "sousuo1",
      "unicode": "e60b",
      "unicode_decimal": 58891
    },
    {
      "icon_id": "2599059",
      "name": "话费充值",
      "font_class": "huafeichongzhi",
      "unicode": "e600",
      "unicode_decimal": 58880
    },
    {
      "icon_id": "3512587",
      "name": "以旧换新",
      "font_class": "old-new",
      "unicode": "e601",
      "unicode_decimal": 58881
    },
    {
      "icon_id": "9621684",
      "name": "米粉卡",
      "font_class": "mifenka",
      "unicode": "e606",
      "unicode_decimal": 58886
    },
    {
      "icon_id": "10795662",
      "name": "专业保障服务",
      "font_class": "zhuanyebaozhangfuwu",
      "unicode": "e67e",
      "unicode_decimal": 59006
    },
    {
      "icon_id": "19989118",
      "name": "企业团购",
      "font_class": "qiyetuangou-copy",
      "unicode": "e602",
      "unicode_decimal": 58882
    },
    {
      "icon_id": "23432554",
      "name": "企业购icon-转曲_F码通道",
      "font_class": "qiyegouicon-zhuanqu_Fmatongdao",
      "unicode": "e63a",
      "unicode_decimal": 58938
    }
  ]
}
